<?xml version="1.0" encoding="UTF-8"?>
    <addon id="repository.maga2016" name="MAGA2016" version="1.0.1" provider-name="MAGA1945">
        <requires>
            <import addon="xbmc.addon" version="12.0.0"/>
        </requires>
        <extension point="xbmc.addon.repository" name="MAGA2016">
            <info compressed="false">https://raw.githubusercontent.com/maga1945/repository.maga2016/master/packages/addons.xml</info>
            <checksum>https://raw.githubusercontent.com/maga1945/repository.maga2016/master/packages/addons.xml.md5</checksum>
            <datadir zip="true">https://raw.githubusercontent.com/maga1945/repository.maga2016/master/packages/</datadir>
            <hashes>false</hashes>
        </extension>
        <extension point="xbmc.addon.metadata">
            <news>
                v.1.0.0
                - Initial.
                v.1.0.1
                - Added changelog and artwork to repo.
            </news>
            <summary>Personal repo for my personal testing.</summary>
            <description></description>
            <platform>all</platform>
            <assets>
                <icon>resources/icon.png</icon>
                <fanart>resources/fanart.jpg</fanart>
            </assets>
    </extension>
</addon>
