<?xml version="1.0" encoding="UTF-8" standalone="yes"?>
<addon id="weather.yahoo.extended" name="Yahoo! Weather Extended" version="5.0.5" provider-name="ronie, abelgomez">
	<requires>
		<import addon="xbmc.python" version="2.25.0"/>
		<import addon="script.module.requests" version="2.19.1"/>
	</requires>
	<extension point="xbmc.python.weather" library="default.py"/>
	<extension point="xbmc.addon.metadata">
		<summary lang="en_GB">Weather forecast from yahoo.com with extended sensor data</summary>
		<summary lang="es_ES">Predicción meteorológica de yahoo.com con datos extendidos de sensores</summary>
		<description lang="en_GB">Weather forecast provided by Yahoo! Weather (http://weather.yahoo.com/) with extended custom sensor data</description>
		<description lang="es_ES">Predicción meteorológica facilitada por Yahoo! Weather (http://weather.yahoo.com/) con datos extendidos desde sensores personalizados</description>
		<disclaimer lang="en_GB">Use of this add-on implies that you have agreed to the Terms of Service located at http://developer.yahoo.com/weather/#terms</disclaimer>
		<disclaimer lang="es_ES">El uso de este add-on implica la aceptación de los Términos de Servicio recogidos en http://developer.yahoo.com/weather/#terms</disclaimer>
		<language></language>
		<platform>all</platform>
		<license>GNU GENERAL PUBLIC LICENSE Version 2</license>
		<forum></forum>
		<website></website>
		<email></email>
		<source>https://github.com/abelgomez/weather.yahoo.extended</source>
	</extension>
</addon>
